{"cameraMode":{"drawMode":0,"name":"Shaded","section":"Shading Mode"},"sceneLighting":true,"audioPlay":false,"sceneViewState":{"showFog":true,"showMaterialUpdate":false,"showSkybox":true,"showFlares":true,"showImageEffects":true,"showParticleSystems":true},"in2DMode":false,"pivot":{"x":25.14657974243164,"y":-8.855669975280762,"z":-2.0757293701171877},"rotation":{"x":0.1205606758594513,"y":0.6869398355484009,"z":-0.11713839322328568,"w":0.7070112228393555},"size":36.76832580566406,"orthographic":false}