{"cameraMode":{"drawMode":0,"name":"Shaded","section":"Shading Mode"},"sceneLighting":true,"audioPlay":false,"sceneViewState":{"showFog":true,"showMaterialUpdate":false,"showSkybox":true,"showFlares":true,"showImageEffects":true,"showParticleSystems":true},"in2DMode":false,"pivot":{"x":-5.309999942779541,"y":1.2446775436401368,"z":0.828190267086029},"rotation":{"x":0.21660374104976655,"y":0.02342810481786728,"z":-0.005199912469834089,"w":0.9759683012962341},"size":10.153307914733887,"orthographic":false}