{"cameraMode":{"drawMode":0,"name":"Shaded","section":"Shading Mode"},"sceneLighting":true,"audioPlay":false,"sceneViewState":{"showFog":true,"showMaterialUpdate":false,"showSkybox":true,"showFlares":true,"showImageEffects":true,"showParticleSystems":true},"in2DMode":false,"pivot":{"x":-7.807579040527344,"y":-0.9998733401298523,"z":-3.2286195755004885},"rotation":{"x":-0.041878748685121539,"y":-0.5895470380783081,"z":0.03061438351869583,"w":-0.8061010241508484},"size":2.8578836917877199,"orthographic":false}